Area,mnemonic,All usual residents,White: English/Welsh/Scottish/Northern Irish/British,White: Irish,White: Gypsy or Irish Traveller,White: Other White,Mixed/multiple ethnic groups: White and Black Caribbean,Mixed/multiple ethnic groups: White and Black African,Mixed/multiple ethnic groups: White and Asian,Mixed/multiple ethnic groups: Other Mixed,Asian/Asian British: Indian,Asian/Asian British: Pakistani,Asian/Asian British: Bangladeshi,Asian/Asian British: Chinese,Asian/Asian British: Other Asian,Black/African/Caribbean/Black British: African,Black/African/Caribbean/Black British: Caribbean,Black/African/Caribbean/Black British: Other Black,Other ethnic group: Arab,Other ethnic group: Any other ethnic group
ccg2011:NHS Eastern Cheshire,E38000056,194504,182214,1361,88,3718,550,267,771,406,1550,630,179,677,906,317,225,103,223,319
ccg2011:NHS South Cheshire,E38000151,175623,164050,880,225,5404,791,194,522,372,597,226,325,448,522,347,286,124,115,195
ccg2011:NHS Vale Royal,E38000189,102197,97973,516,86,1493,252,105,284,179,311,61,91,281,259,123,27,36,47,73
ccg2011:NHS Warrington,E38000194,202228,187968,1357,66,4601,654,357,663,470,1803,1179,152,849,928,389,214,91,237,250
ccg2011:NHS West Cheshire,E38000196,227411,214040,1821,127,4969,637,306,775,512,931,275,485,654,749,463,169,90,152,256
ccg2011:NHS Wirral,E38000208,319783,303682,2667,77,3730,964,558,949,815,1344,226,851,1653,1042,389,189,117,208,322
ccg2011:NHS Darlington,E38000042,105564,98898,328,350,2019,463,97,350,236,726,145,523,349,462,206,105,46,112,149
"ccg2011:NHS Durham Dales, Easington and Sedgefield",E38000047,272998,266518,488,248,2397,516,140,433,306,476,177,95,376,355,157,60,32,65,159
ccg2011:NHS Hartlepool and Stockton-on-Tees,E38000075,283638,267889,729,183,2397,599,370,996,582,1754,3363,346,1095,1378,1065,120,118,293,361
ccg2011:NHS North Durham,E38000116,240244,229146,741,219,4012,453,181,660,405,892,286,146,1222,831,290,98,64,394,204
ccg2011:NHS South Tees,E38000162,273589,251034,989,170,3065,839,559,1177,640,1568,7106,338,1059,1566,1550,126,177,987,639
ccg2011:NHS Bolton,E38000016,276786,219794,1694,214,4943,1576,678,1826,812,21665,12026,614,1423,3021,3451,608,593,727,1121
ccg2011:NHS Bury,E38000024,185060,157897,2357,72,4706,1307,444,1005,609,1387,9002,311,1100,1607,1116,593,184,465,898
ccg2011:NHS Central Manchester,E38000032,179707,79527,4646,275,9073,3627,1782,1948,2273,5145,24622,4893,5668,5133,12808,6326,4475,4520,2966
"ccg2011:NHS Heywood, Middleton & Rochdale",E38000080,211699,166481,2131,186,4076,1057,601,1348,563,1105,22265,4342,948,2970,2131,285,354,308,548
ccg2011:NHS North Manchester,E38000123,163458,101152,2951,150,8786,2509,1449,1259,1303,2651,11894,349,6129,4404,10272,1685,2233,2695,1587
ccg2011:NHS Oldham,E38000135,224897,169955,1484,62,2825,1950,440,1131,536,1555,22686,16310,726,1888,1640,839,318,154,398
ccg2011:NHS Salford,E38000143,233933,197445,2882,193,10342,1647,1058,929,982,2553,1843,605,2547,1881,5354,666,521,1425,1060
ccg2011:NHS South Manchester,E38000158,159962,117558,4246,84,6661,2741,1166,1584,1520,3621,6388,1195,1742,2152,2638,1631,1416,2288,1331
ccg2011:NHS Stockport,E38000174,283275,252044,3938,58,4779,1734,775,1460,1135,2786,6673,705,1722,1876,976,745,237,727,905
ccg2011:NHS Tameside and Glossop,E38000182,252414,225792,1855,40,4014,1479,565,948,586,3738,4954,4296,1031,804,1222,421,231,168,270
ccg2011:NHS Trafford,E38000187,226578,182200,5098,40,6496,2658,669,1535,1169,6306,7027,457,2232,1951,1807,3802,931,1259,941
ccg2011:NHS Wigan Borough,E38000205,317849,303519,1459,151,4064,1015,429,783,529,1019,676,109,891,824,1310,216,152,304,399
ccg2011:NHS Blackburn with Darwen,E38000014,147489,98144,794,161,2910,315,162,989,357,19791,17801,1525,721,1656,614,202,117,585,645
ccg2011:NHS Blackpool,E38000015,142065,133042,1029,237,3031,690,264,448,351,627,223,231,514,687,183,111,52,170,175
ccg2011:NHS Chorley and South Ribble,E38000034,165905,158029,917,69,2068,775,151,455,270,846,642,116,396,361,139,317,76,140,138
ccg2011:NHS East Lancashire,E38000050,371216,318835,2236,186,5690,823,285,1760,635,1203,30226,4879,1097,2054,309,290,58,244,406
ccg2011:NHS Fylde & Wyre,E38000060,164840,158130,902,98,2200,456,145,409,270,491,179,95,499,447,130,78,59,106,146
ccg2011:NHS Greater Preston,E38000065,201652,164805,1570,116,5525,1851,358,1169,564,15008,4549,391,1373,1430,715,938,161,664,465
ccg2011:NHS Lancashire North,E38000093,157041,144766,916,344,4682,402,200,530,350,1253,422,317,1256,611,483,118,53,170,168
ccg2011:NHS West Lancashire,E38000200,110685,105775,584,8,2236,266,140,248,212,411,85,13,190,214,115,48,11,63,66
ccg2011:NHS Halton,E38000068,125746,121210,654,41,1136,465,253,330,308,282,44,60,308,249,95,134,31,54,92
ccg2011:NHS Knowsley,E38000091,145893,140135,747,6,970,683,517,375,338,467,81,10,446,399,297,127,81,98,116
ccg2011:NHS Liverpool,E38000101,466415,395485,6729,185,12272,3473,3164,2283,2836,4915,1999,1075,7978,3436,8490,1467,2351,5629,2648
ccg2011:NHS South Sefton,E38000161,159564,153310,1298,53,1395,480,263,373,373,297,72,88,503,312,247,85,69,170,176
ccg2011:NHS Southport and Formby,E38000170,114226,106319,1014,67,3285,350,225,387,369,369,55,220,462,341,217,138,40,157,211
ccg2011:NHS St Helens,E38000172,175308,169346,887,69,1575,445,167,271,296,504,133,122,512,493,152,60,36,117,123
ccg2011:NHS Cumbria,E38000041,505938,488072,1570,316,8317,763,321,896,564,899,321,486,1157,1221,374,142,65,153,301
ccg2011:NHS Gateshead,E38000061,200214,188355,592,87,3708,412,260,523,363,916,617,242,1054,909,903,90,88,289,806
ccg2011:NHS Newcastle North and East,E38000111,139766,119426,1202,77,4080,388,386,812,494,2024,1298,651,3245,1834,1896,117,124,1031,681
ccg2011:NHS Newcastle West,E38000112,140411,110094,624,86,3944,442,473,797,487,3048,5066,4041,2792,3108,2768,100,155,1571,815
ccg2011:NHS North Tyneside,E38000127,200801,190936,596,29,2464,448,385,602,380,1095,319,686,869,846,576,91,67,177,235
ccg2011:NHS Northumberland,E38000130,316028,307097,833,156,2980,515,230,624,323,939,351,295,452,621,193,114,31,73,201
ccg2011:NHS South Tyneside,E38000163,148127,140821,305,9,964,324,229,440,332,643,434,1534,235,465,316,61,43,566,406
ccg2011:NHS Sunderland,E38000176,275506,261209,608,70,2395,539,239,608,392,1736,669,2075,1536,1320,1062,111,100,292,545
ccg2011:NHS East Riding of Yorkshire,E38000052,312931,301021,831,214,4986,637,340,723,419,1038,359,49,600,711,326,130,51,272,224
"ccg2011:NHS Hambleton, Richmondshire and Whitby",E38000069,151029,144052,523,151,2239,327,125,390,313,287,165,61,227,1191,337,125,219,67,230
ccg2011:NHS Harrogate and Rural District,E38000073,157869,144717,771,107,6480,411,265,626,474,587,118,68,869,767,624,148,375,129,333
ccg2011:NHS Hull,E38000085,256406,229920,550,284,10567,871,821,945,817,1086,882,755,2124,1624,2472,236,288,1134,1030
ccg2011:NHS North East Lincolnshire,E38000119,159616,152240,414,26,2741,381,161,369,275,513,195,268,605,548,306,71,34,265,204
ccg2011:NHS North Lincolnshire,E38000122,167446,154526,727,90,5405,341,166,451,286,1122,862,1443,530,592,365,64,65,173,238
ccg2011:NHS Scarborough and Ryedale,E38000145,110259,104756,394,94,2253,236,127,311,216,388,118,102,296,478,211,52,13,116,98
ccg2011:NHS Vale of York,E38000188,343109,317589,1658,464,9731,822,418,1288,914,1787,473,395,2732,2221,1140,289,115,535,538
ccg2011:NHS Barnsley,E38000006,231221,222164,567,163,3391,644,178,434,374,442,211,60,440,508,995,149,77,168,256
ccg2011:NHS Bassetlaw,E38000008,112863,106663,381,94,2754,454,85,228,229,440,287,74,180,274,221,239,60,52,148
ccg2011:NHS Doncaster,E38000044,302402,277740,1183,587,8556,1413,440,877,591,1865,2728,117,1121,1783,1309,778,250,231,833
ccg2011:NHS Rotherham,E38000141,257280,236438,776,126,3418,787,301,865,598,961,7609,109,592,1280,1672,283,157,581,727
ccg2011:NHS Sheffield,E38000146,552698,446837,2891,358,12458,5450,1296,3490,3053,5868,21990,3326,7398,5803,11543,5506,3033,8432,3966
"ccg2011:NHS Airedale, Wharfedale and Craven",E38000001,158315,136864,892,95,2928,448,142,755,323,680,10904,2065,358,792,329,168,66,123,383
ccg2011:NHS Bradford City,E38000018,81404,17222,284,147,5017,720,207,1263,359,3555,37070,5358,856,2748,2224,974,175,1825,1400
ccg2011:NHS Bradford Districts,E38000019,332062,226436,1562,244,8572,3577,578,3785,1157,9469,59109,2479,986,4672,2487,2446,457,1791,2255
ccg2011:NHS Calderdale,E38000025,203826,176732,1795,80,4180,1097,247,907,546,1130,13904,574,459,808,479,320,100,111,357
ccg2011:NHS Greater Huddersfield,E38000064,237341,188960,2082,88,4944,4266,471,1446,878,3899,17662,403,1151,1807,1957,4305,834,1004,1184
ccg2011:NHS Leeds North,E38000094,198865,156164,2459,126,5574,2805,650,1363,1036,6393,6793,899,1403,2641,2937,3623,1520,898,1581
ccg2011:NHS Leeds South and East,E38000095,235678,182060,2041,250,8119,3088,981,1409,1012,3505,9929,3239,1771,3688,8329,1867,1751,1144,1495
ccg2011:NHS Leeds West,E38000096,316942,271490,2531,311,8362,2920,862,2134,1372,6232,5770,294,2759,2927,3628,1238,1000,1749,1363
ccg2011:NHS North Kirklees,E38000121,185117,134930,553,70,2643,901,170,1268,390,16898,24140,328,301,1193,407,321,81,210,313
ccg2011:NHS Wakefield,E38000190,325837,302331,908,302,7416,1087,368,894,579,1540,4896,32,853,1177,1955,326,231,382,560
ccg2011:NHS Coventry and Rugby,E38000038,417035,295398,8330,311,20555,4551,1153,2951,1561,30812,10122,3091,4160,8638,13838,4071,1842,2122,3529
ccg2011:NHS Herefordshire,E38000078,183477,171922,709,363,7175,407,146,415,302,490,80,32,277,560,160,103,68,105,163
ccg2011:NHS Redditch and Bromsgrove,E38000139,177851,161231,1533,84,4345,1684,157,763,447,1798,2801,231,518,606,270,825,211,107,240
ccg2011:NHS South Warwickshire,E38000164,258133,227519,3036,214,9253,1278,339,1518,926,7309,554,82,1546,1920,586,504,147,282,1120
ccg2011:NHS South Worcestershire,E38000166,290343,268869,1488,706,8529,1005,360,1015,616,1537,2050,573,915,1322,412,345,95,115,391
ccg2011:NHS Warwickshire North,E38000195,187266,170878,1155,120,2948,933,149,525,295,6065,562,62,371,1400,585,475,159,83,501
ccg2011:NHS Wyre Forest,E38000211,97975,92822,459,375,1617,461,75,275,187,299,133,512,168,278,85,105,24,14,86
ccg2011:NHS Birmingham CrossCity,E38000012,713812,428535,15823,222,17986,16621,2007,7419,5302,30354,86128,14280,7565,18351,16984,24603,10499,5401,5732
ccg2011:NHS Birmingham South and Central,E38000013,198085,109241,4284,112,4348,4136,571,2125,1555,8446,32950,4809,2539,5538,4003,5026,2194,4447,1761
ccg2011:NHS Dudley,E38000046,312925,277050,1170,352,3035,3477,250,1277,754,5737,10339,397,876,1593,1402,2658,611,1259,688
ccg2011:NHS Sandwell and West Birmingham,E38000144,469211,235263,3959,215,17119,10126,1160,3685,3097,57221,39501,20031,3447,13738,13400,29394,8614,1963,7278
ccg2011:NHS Solihull,E38000149,206674,177248,3935,70,2991,2395,247,1156,606,7098,3413,633,906,1511,852,1930,457,358,868
ccg2011:NHS Walsall,E38000191,269323,207238,1181,287,3763,4312,321,1754,837,16502,14289,5194,993,4044,1999,3197,1173,222,2017
ccg2011:NHS Wolverhampton,E38000210,249470,160945,1526,209,7002,8495,554,2160,1575,32162,4415,432,1376,6575,4081,9507,3721,359,4376
ccg2011:NHS Erewash,E38000058,94050,89238,484,24,1329,673,63,221,156,727,80,20,208,206,113,322,71,27,88
ccg2011:NHS Hardwick,E38000071,108053,104425,290,81,1318,336,90,218,105,327,90,9,208,219,166,72,40,17,42
ccg2011:NHS Mansfield & Ashfield,E38000103,191864,181447,686,29,4928,924,156,380,331,799,196,246,366,445,266,321,87,65,192
ccg2011:NHS Newark & Sherwood,E38000109,114832,108437,614,238,2837,451,116,300,213,432,125,58,229,245,142,200,41,38,116
ccg2011:NHS North Derbyshire,E38000115,271865,260716,1111,70,3283,1012,270,754,421,854,438,180,701,623,665,351,108,109,199
ccg2011:NHS Nottingham City,E38000132,305680,199990,2819,326,15563,12166,2004,3304,2791,9901,16771,1049,5988,6330,9877,9382,2926,2372,2121
ccg2011:NHS Nottingham North & East,E38000133,145627,133027,1027,63,2536,1743,294,602,434,1418,1015,90,474,629,475,1268,222,71,239
ccg2011:NHS Nottingham West,E38000134,109487,98001,615,9,2913,866,151,486,324,1754,775,92,1135,747,448,405,80,436,250
ccg2011:NHS Rushcliffe,E38000142,111129,100363,810,23,2308,736,159,723,331,2361,1072,40,558,583,202,349,76,153,282
ccg2011:NHS Southern Derbyshire,E38000169,511380,438364,3346,429,13065,4899,729,2533,1452,13061,14947,678,1822,4222,3481,3763,848,945,2796
ccg2011:NHS Cambridgeshire and Peterborough,E38000026,838850,686094,6462,2078,64610,4194,2261,5416,4570,12200,14473,2821,7772,10446,6023,2910,1475,1816,3229
ccg2011:NHS Great Yarmouth & Waveney,E38000063,212531,200665,797,154,5188,681,477,672,544,626,172,114,497,754,493,186,129,86,296
ccg2011:NHS Ipswich and East Suffolk,E38000086,393548,357324,1720,305,12093,3537,1036,1483,1614,2839,380,1895,1370,2218,1567,1946,713,218,1290
ccg2011:NHS North Norfolk,E38000124,167304,161669,556,76,2540,320,152,363,251,214,22,80,228,385,154,108,34,50,102
ccg2011:NHS Norwich,E38000131,191353,168151,1078,141,8086,825,749,1099,961,1987,283,623,1878,1940,1868,300,171,683,530
ccg2011:NHS South Norfolk,E38000159,231956,215881,932,327,8838,644,452,778,717,676,142,153,504,692,450,265,181,78,246
ccg2011:NHS West Norfolk,E38000203,169998,157105,721,315,7387,410,275,408,464,720,137,59,409,681,339,146,154,75,193
ccg2011:NHS West Suffolk,E38000204,219361,193749,1617,208,13590,809,549,963,1266,980,261,262,481,1486,849,463,947,93,788
ccg2011:NHS Basildon and Brentwood,E38000007,248098,221903,2234,994,5414,1474,599,1112,898,3028,549,494,961,2084,3881,1161,539,217,556
"ccg2011:NHS Castle Point, Rayleigh and Rochford",E38000030,171298,163571,995,66,1578,642,231,568,375,640,109,168,448,528,562,298,234,71,214
ccg2011:NHS Mid Essex,E38000106,377023,348011,2859,545,9084,1560,619,1614,1196,2653,802,746,1265,1978,2019,776,319,391,586
ccg2011:NHS North East Essex,E38000117,311122,283119,2153,141,8560,1484,645,1300,1190,1749,400,496,2057,2928,2042,662,305,1025,866
ccg2011:NHS Southend,E38000168,173658,151136,1496,162,6229,1039,741,977,894,1810,1059,933,1084,1554,2728,524,395,297,600
ccg2011:NHS Thurrock,E38000185,157705,127587,1108,308,6426,1056,670,683,690,2234,534,682,828,1649,9742,1336,1245,254,673
ccg2011:NHS West Essex,E38000197,286046,248273,2924,415,11017,1776,707,1579,1316,4386,1602,843,1630,2316,3639,1659,613,338,1013
ccg2011:NHS Bedfordshire,E38000010,411860,340641,4832,593,19502,4183,1109,2840,2043,10655,3712,3439,2309,4219,4795,4073,948,688,1279
ccg2011:NHS Corby,E38000037,61255,52069,855,28,5567,271,127,215,223,348,34,138,96,166,778,130,100,24,86
ccg2011:NHS East and North Hertfordshire,E38000049,534513,445400,6803,453,26070,4607,1453,3592,2886,10330,1991,1906,4113,6543,9445,4279,1354,1098,2190
ccg2011:NHS Herts Valleys,E38000079,563160,439857,10275,690,30398,4186,1768,5045,3705,18434,10297,3672,4263,10671,10181,4365,1598,1246,2509
ccg2011:NHS Luton,E38000102,203201,90530,6126,198,14225,3831,915,1805,1730,10625,29353,13606,1497,5871,9169,8177,2563,1646,1334
ccg2011:NHS Milton Keynes,E38000107,254320,189070,2545,76,12723,2264,1611,2255,2178,8126,3865,1990,2745,6129,13077,2529,1552,567,1018
ccg2011:NHS Nene,E38000108,615077,526190,5734,495,26720,5757,1778,2965,2689,11866,2270,4126,2659,3503,8753,5104,2003,818,1647
ccg2011:NHS East Leicestershire and Rutland,E38000051,317922,278636,1890,190,6114,1618,343,1657,842,17756,1543,200,1242,2173,995,963,280,339,1141
ccg2011:NHS Leicester City,E38000097,329839,148629,2524,417,15066,4691,1161,3388,2340,93335,8067,3642,4245,13181,12480,4790,3315,3311,5257
ccg2011:NHS Lincolnshire East,E38000099,227507,211349,810,163,10640,643,220,499,413,677,219,180,367,427,383,147,83,106,181
ccg2011:NHS Lincolnshire West,E38000100,225298,210435,1329,254,6632,685,281,685,538,948,214,172,690,839,666,295,143,233,259
ccg2011:NHS South Lincolnshire,E38000157,140286,128828,560,106,7592,427,188,365,306,436,72,88,336,378,236,134,66,37,131
ccg2011:NHS South West Lincolnshire,E38000165,120562,113129,579,94,3984,318,126,249,247,413,79,56,344,381,255,85,68,44,111
ccg2011:NHS West Leicestershire,E38000201,369936,335037,1855,279,7067,1529,394,1746,811,10955,594,2120,2385,2174,1111,523,166,532,658
ccg2011:NHS Cannock Chase,E38000028,132073,127337,468,47,1073,657,66,315,181,678,132,49,262,255,138,231,52,15,117
ccg2011:NHS East Staffordshire,E38000053,123008,106889,585,72,4337,845,101,485,283,959,5608,167,339,879,351,526,196,91,295
ccg2011:NHS North Staffordshire,E38000126,212785,202123,603,81,2573,785,206,636,427,1054,568,156,1077,1122,567,291,85,153,278
ccg2011:NHS Shropshire,E38000147,306129,292047,1410,312,6105,765,231,669,503,752,216,208,1020,893,302,164,114,179,239
ccg2011:NHS South East Staffs and Seisdon and Peninsular,E38000153,221988,209453,1307,85,3098,1337,168,753,420,2212,339,150,515,588,275,769,156,72,291
ccg2011:NHS Stafford and Surrounds,E38000173,150443,139963,873,145,2396,930,132,508,331,1530,372,129,524,955,404,624,140,236,251
ccg2011:NHS Stoke on Trent,E38000175,257200,223266,653,186,4714,1910,561,1358,700,2348,10433,1097,1233,3368,2536,839,371,410,1217
ccg2011:NHS Telford & Wrekin,E38000183,166641,149096,729,166,4424,1423,278,799,483,3076,2243,162,647,863,1023,607,149,86,387
ccg2011:NHS Barking & Dagenham,E38000004,185911,91949,1730,182,14525,2669,2128,1246,1835,7436,8007,7701,1315,5135,28685,5227,3228,973,1940
ccg2011:NHS Barnet,E38000005,356386,162117,8685,151,57600,3097,3112,5882,5078,27920,5344,2215,8259,22180,19392,4468,3571,5210,12105
ccg2011:NHS Bexley,E38000011,231997,179250,2596,624,7492,1676,983,1369,1367,7047,730,777,2514,4175,15952,2381,1291,303,1470
ccg2011:NHS Brent,E38000020,311215,55887,12320,320,44353,4291,2820,3642,5022,58017,14381,1749,3250,28589,24391,23723,10518,11430,6512
ccg2011:NHS Bromley,E38000023,309392,239478,4463,580,16349,3897,1335,3016,2649,6215,1014,1265,2768,4805,9819,6609,2258,870,2002
ccg2011:NHS Camden,E38000027,220338,96937,7053,167,41898,2494,1800,3880,4148,6083,1489,12503,6493,8878,10802,3496,3762,3432,5023
ccg2011:NHS Central London (Westminster),E38000031,157406,59048,3357,54,37984,991,1222,2526,2637,5788,1821,3969,4565,7319,5971,1845,1563,10981,5765
ccg2011:NHS City and Hackney,E38000035,253645,93273,5396,477,41270,5027,2903,3131,5097,7815,1921,6412,3699,6960,28074,19214,9763,1790,11423
ccg2011:NHS Croydon,E38000040,363378,171740,5369,234,22852,9650,3279,5140,5826,24660,10865,2570,3925,17607,28981,31320,12955,1701,4704
ccg2011:NHS Ealing,E38000048,338449,103035,10428,300,52055,3939,1989,4653,4485,48240,14711,1786,4132,31570,17299,13192,6369,9804,10462
ccg2011:NHS Enfield,E38000057,312466,126450,6899,344,56947,4852,2384,4189,5758,11648,2594,5599,2588,12464,28222,17334,8131,1930,14133
ccg2011:NHS Greenwich,E38000066,254557,133130,4291,430,21151,4011,2699,2361,3203,7836,2594,1645,5061,12758,35164,8051,5440,1069,3663
ccg2011:NHS Hammersmith and Fulham,E38000070,182493,81989,6321,217,35695,2769,1495,2649,3131,3451,1612,1056,3140,7376,10552,7111,3842,5228,4859
ccg2011:NHS Haringey,E38000072,254926,88424,6997,370,58552,4856,2609,3738,5345,5945,1920,4417,3744,8124,23037,18087,6706,2229,9826
ccg2011:NHS Harrow,E38000074,239056,73826,7336,181,19648,2344,1053,3417,2685,63051,7797,1378,2629,26953,8526,6812,4370,3708,3342
ccg2011:NHS Havering,E38000077,237232,197615,2989,160,7185,1970,712,1154,1097,5017,1492,975,1459,2602,7581,2885,1015,311,1013
ccg2011:NHS Hillingdon,E38000082,273936,142916,5949,344,16822,2719,1409,3602,2749,36795,9200,2639,2889,17730,11275,4615,4192,2925,5166
ccg2011:NHS Hounslow,E38000084,253957,96264,4775,183,29283,2273,1730,3390,2956,48161,13676,2189,2405,20826,10787,3381,2645,3638,5395
ccg2011:NHS Islington,E38000088,206125,98322,8140,163,33890,4236,1912,2964,4227,3534,951,4662,4457,5430,12622,7943,5729,1893,5050
ccg2011:NHS Kingston,E38000090,160060,101015,2718,95,15391,1238,700,2500,1831,6325,3009,892,2883,13043,2616,1027,378,2439,1960
ccg2011:NHS Lambeth,E38000092,303086,118250,7456,195,47124,8302,4301,3574,6983,4983,3072,2221,4573,6089,35187,28886,14469,1728,5693
ccg2011:NHS Lewisham,E38000098,275885,114446,5206,208,27826,8539,3559,3045,5329,4600,1596,1388,6164,11786,32025,30854,12063,1456,5795
ccg2011:NHS Merton,E38000105,199693,96658,4417,216,28315,2579,1279,2829,2647,8106,7337,2216,2618,15866,10442,8126,2243,1413,2386
ccg2011:NHS Newham,E38000113,307984,51516,2172,462,35066,3957,3319,2677,3992,42484,30307,37262,3930,19912,37811,15050,7395,3523,7149
ccg2011:NHS Redbridge,E38000138,278970,96253,3900,140,18353,3204,1692,3251,3309,45660,31051,16011,3000,20781,12357,9064,3424,1551,5969
ccg2011:NHS Richmond,E38000140,186990,133582,4766,95,22282,1250,731,2857,1942,5202,1163,867,1753,4622,1643,840,333,1172,1890
ccg2011:NHS Southwark,E38000171,288283,114534,6222,263,35330,5677,3687,3003,5411,5819,1623,3912,8074,7764,47413,17974,12124,2440,7013
ccg2011:NHS Sutton,E38000179,190146,134854,3219,193,11183,2298,838,2286,1712,6454,2595,1183,2240,9563,5471,2742,907,976,1432
ccg2011:NHS Tower Hamlets,E38000186,254096,79231,3863,175,31550,2837,1509,2961,3053,6787,2442,81377,8109,5786,9495,5341,3793,2573,3214
ccg2011:NHS Waltham Forest,E38000192,258249,92999,3959,369,37472,4568,2403,2602,4193,9134,26347,4632,2579,11697,18815,18841,7135,3776,6728
ccg2011:NHS Wandsworth,E38000193,306995,163739,7664,163,47650,4642,2034,3887,4678,8642,9718,1493,3715,9770,14818,12297,5641,2350,4094
"ccg2011:NHS West London (Kensington and Chelsea, Queen's Park and Paddington",E38000202,220639,80557,5318,141,60888,2573,1853,4079,4500,4002,1418,3166,5320,10355,8706,5861,2859,11198,7845
ccg2011:NHS Bath and North East Somerset,E38000009,176016,158640,1146,58,6629,951,292,954,701,1116,170,219,1912,1160,499,672,155,375,367
ccg2011:NHS Gloucestershire,E38000062,596984,546599,3759,731,18558,3627,923,2353,1758,5729,942,960,1911,2891,2090,2313,747,364,729
ccg2011:NHS Swindon,E38000181,214148,181546,1885,196,9040,1507,574,1180,1017,6926,1295,962,964,3327,1742,808,338,208,633
ccg2011:NHS Wiltshire,E38000206,470981,439725,2381,757,12108,1968,656,1667,1277,1547,215,595,1210,2611,1418,1151,659,288,748
ccg2011:NHS Bristol,E38000022,428234,333432,3851,359,21950,7389,1533,3402,3114,6547,6863,2104,3886,4255,12085,6727,6922,1272,2543
ccg2011:NHS North Somerset,E38000125,202566,190553,1113,176,5234,681,256,698,398,817,111,299,619,590,383,188,61,127,262
ccg2011:NHS Somerset,E38000150,529972,501558,2257,733,14707,1200,650,1407,984,1069,203,442,1247,1912,607,291,115,175,415
ccg2011:NHS South Gloucestershire,E38000155,262767,241611,1223,271,6469,1516,396,1016,739,2699,698,238,1312,1493,987,980,251,366,502
ccg2011:NHS Kernow,E38000089,534476,511715,2056,635,10619,1251,493,1562,1112,837,107,280,1004,1208,293,369,102,189,644
"ccg2011:NHS North, East, West Devon",E38000129,862115,811984,3624,586,20153,2361,1182,3057,2090,2554,457,850,4078,3706,1867,703,359,1245,1259
ccg2011:NHS South Devon and Torbay,E38000152,271627,259031,1268,158,5477,733,323,843,638,597,104,178,629,816,224,134,55,167,252
ccg2011:NHS Ashford,E38000002,117956,105498,753,531,3738,544,235,507,396,958,161,185,431,2256,948,327,100,87,301
ccg2011:NHS Canterbury and Coastal,E38000029,198275,176595,1497,515,8056,801,368,1088,775,1571,323,284,1522,1830,1408,468,177,440,557
"ccg2011:NHS Dartford, Gravesham and Swanley",E38000043,245999,202154,1925,777,9169,1382,783,1519,1146,10582,763,957,1041,3901,5507,1074,522,319,2478
ccg2011:NHS Medway,E38000104,263925,225654,1946,510,8469,1730,735,1546,1165,7132,1516,1304,1065,2598,4742,1428,493,517,1375
ccg2011:NHS South Kent Coast,E38000156,201924,185150,1245,373,6167,624,254,704,524,749,119,357,511,3793,510,205,85,115,439
ccg2011:NHS Swale,E38000180,106424,98531,615,614,2598,456,190,326,312,483,104,193,191,324,955,256,112,26,138
ccg2011:NHS Thanet,E38000184,134186,121346,1026,187,5635,720,329,598,539,738,184,178,450,954,585,239,86,118,274
ccg2011:NHS West Kent,E38000199,458976,414284,3178,1688,17257,1739,838,2778,1632,3055,752,1227,1832,4655,1610,724,318,430,979
ccg2011:NHS Brighton & Hove,E38000021,273369,220018,3772,198,19524,2182,2019,3351,2856,2996,649,1367,2999,3267,2893,879,416,2184,1799
ccg2011:NHS Coastal West Sussex,E38000036,472210,434142,3152,711,16291,1399,978,2047,1309,2071,381,1378,1585,3216,1549,537,248,504,712
ccg2011:NHS Crawley,E38000039,106597,76888,967,77,7248,806,615,883,794,5530,4548,427,496,2824,2164,465,840,424,601
ccg2011:NHS East Surrey,E38000054,173708,149860,1844,386,7181,1011,479,1465,978,2278,1077,498,1094,2297,1398,757,266,253,586
"ccg2011:NHS Eastbourne, Hailsham and Seaford",E38000055,180455,163509,1513,288,7202,615,398,817,657,955,136,437,837,1442,651,224,122,283,369
ccg2011:NHS Guildford and Waverley,E38000067,203640,174971,1779,403,11734,606,368,1523,928,1889,518,378,2241,2576,1297,391,164,981,893
ccg2011:NHS Hastings & Rother,E38000076,180842,165903,1298,284,5097,862,384,990,743,763,94,385,583,1404,820,379,171,233,449
ccg2011:NHS High Weald Lewes Havens,E38000081,165374,153357,1155,243,5573,470,241,777,519,535,87,220,511,754,329,168,48,122,265
ccg2011:NHS Horsham and Mid Sussex,E38000083,221345,200227,1813,272,8161,659,459,1298,815,2031,307,541,858,2077,847,326,147,144,363
ccg2011:NHS North West Surrey,E38000128,335508,266161,4472,721,22305,1619,1028,3175,2113,9194,6937,1113,2748,6467,2838,1033,398,1399,1787
ccg2011:NHS Surrey Downs,E38000177,280125,235582,3624,389,15123,1184,599,2477,1649,4624,1354,973,2125,5469,1490,811,354,1040,1258
ccg2011:NHS Surrey Heath,E38000178,93167,79654,839,316,3674,345,195,693,390,1713,697,307,592,2246,597,237,84,183,405
ccg2011:NHS Aylesbury Vale,E38000003,192378,165384,1691,149,6454,1593,464,1170,874,1931,5485,215,667,2083,1682,1362,375,346,453
ccg2011:NHS Bracknell and Ascot,E38000017,131296,110334,1293,126,7025,725,342,1026,655,2456,603,169,738,2808,1714,435,243,240,364
ccg2011:NHS Chiltern,E38000033,315700,247217,3674,465,14470,2969,628,2952,1688,9445,15737,881,1870,4945,2332,3820,911,506,1190
ccg2011:NHS Newbury and District,E38000110,104388,94886,871,81,3945,371,171,512,339,1046,265,127,395,484,427,159,71,94,144
ccg2011:NHS North & West Reading,E38000114,99350,83670,1121,94,4101,1108,261,755,528,1868,1101,235,568,1021,1149,1046,324,152,248
ccg2011:NHS Oxfordshire,E38000136,640512,534339,6223,603,39916,3748,1543,4480,3359,8087,7843,2457,5602,7496,7014,3057,1307,1337,2101
ccg2011:NHS Slough,E38000148,140205,48401,1607,220,13825,1667,607,1429,1055,21922,24869,549,797,7560,7548,3096,1471,928,2654
ccg2011:NHS South Reading,E38000160,105782,62213,1561,79,9619,2015,632,992,916,5275,6074,558,1299,4653,5212,2588,870,573,653
"ccg2011:NHS Windsor, Ascot and Maidenhead",E38000207,137076,105087,1883,223,9713,660,339,1300,854,5741,4238,396,1382,2246,1034,473,194,497,816
ccg2011:NHS Wokingham,E38000209,154380,129119,1367,291,5748,890,337,1273,682,5331,2865,222,1203,1817,1203,712,178,500,642
ccg2011:NHS Dorset,E38000045,744041,683800,4086,987,25764,2486,1278,3288,2455,3775,460,1315,3481,5144,2055,794,359,936,1578
ccg2011:NHS Fareham and Gosport,E38000059,194203,183664,788,117,3075,573,292,1083,477,1091,108,274,681,586,536,292,121,154,291
ccg2011:NHS Isle of Wight,E38000087,138265,131099,747,94,2605,507,123,738,341,435,80,131,219,649,141,115,47,52,142
ccg2011:NHS North East Hampshire and Farnham,E38000118,204741,175849,1577,377,7034,978,512,1422,810,2280,887,412,1054,8096,1430,721,275,319,708
ccg2011:NHS North Hampshire,E38000120,212985,189774,1619,285,7691,1189,367,1139,702,2698,434,403,1321,2666,1386,529,199,174,409
ccg2011:NHS Portsmouth,E38000137,205056,172313,1071,85,7713,1103,935,2381,1048,2911,539,3649,2611,2764,2958,540,279,1078,1078
ccg2011:NHS South Eastern Hampshire,E38000154,208056,196246,1020,297,3953,648,336,954,571,828,90,270,601,1009,565,125,117,191,235
ccg2011:NHS Southampton,E38000167,236882,183980,1746,341,17461,1678,941,1796,1263,6742,3019,1401,3449,5281,3508,1132,427,1312,1405
ccg2011:NHS West Hampshire,E38000198,540178,502351,2721,1040,13234,1539,883,2528,1587,4047,434,877,2137,2964,1267,565,329,521,1154
lhb2011:Betsi Cadwaladr University,W11000023,687937,653575,3604,516,13009,1543,672,1640,1095,2306,779,903,2529,2348,1077,283,137,1219,702
lhb2011:Powys Teaching,W11000024,132976,127773,502,128,2424,208,82,294,176,145,9,67,171,750,42,70,20,23,92
lhb2011:Hywel Dda,W11000025,382138,363400,2066,863,7558,758,271,876,597,1271,309,311,825,1412,373,245,106,390,507
lhb2011:Abertawe Bro Morgannwg University,W11000026,518013,487761,2049,273,7791,1270,475,1307,1016,2094,838,2369,2688,2732,1956,468,173,1822,931
lhb2011:Cardiff and Vale University,W11000029,472426,397010,3186,542,14214,4270,1989,2890,2577,8452,6570,4959,4622,5249,5378,1574,1738,4881,2325
lhb2011:Cwm Taf,W11000027,293212,281351,704,115,3462,704,238,571,455,824,317,151,1185,1249,1258,109,84,192,243
lhb2011:Aneurin Bevan,W11000028,576754,544580,1975,348,7474,2346,697,1441,1063,2164,3407,1927,1618,2578,1803,1060,322,1088,863
,,,,,,,,,,,,,,,,,,,,
,,,,,,,,,,,,,,,,,,,,
,,,,,,,,,,,,,,,,,,,,
,"In order to protect against disclosure of personal information, records",,,,,,,,,,,,,,,,,,,
,have been swapped between different geographic areas. Some counts will,,,,,,,,,,,,,,,,,,,
,"be affected, particularly small counts at the lowest geographies",,,,,,,,,,,,,,,,,,,
