dag_id,mean_simd
A101H,4348.639380530973
A103H,1964.3809523809523
A110H,2102.727272727273
A111H,2477.248986243221
A208H,3845
A210H,2880.3059939533373
A215H,1794.2508710801392
A216H,2037.0076628352492
A217H,4737.444444444444
B120H,3597.445530795571
C106H,2636.924554183813
C108H,3666.2938931297713
C113H,2183.8018575851397
C121H,3397.106873261819
C122H,2823.1970802919705
C206H,3280.894070292558
C306V,2943.467741935484
C313H,2576.353350937901
C413V,3055.921052631579
C418H,2974.50325818291
D102H,3316.726465510156
F701H,2134.3
F704H,3017.583458904766
F705H,2714
F708H,4108.645161290323
F709H,4847.296969696969
F716H,3198.1071428571427
F805H,3266.434002029507
G107H,2251.5290324561697
G109H,3328.4
G207H,2757.0336996000156
G306H,3270.4016702931044
G405H,2827.186708899764
G412V,3063.909945184025
G414V,2742.7941176470586
G502V,3379.511936339523
G513H,2811.5209478021934
G516H,3223.857454932271
G583V,1891.6
G584V,2709.537634408601
G604V,3673.6206896551726
H101H,3089.0714285714284
H103H,3011.537474120084
H104H,2779.222222222222
H106H,3746.8640973630836
H201H,3677.423728813559
H202H,3554.156290155967
H208H,3837.35
H210H,4638.060606060606
H211H,4396.434108527132
H212H,3592.7117882117873
H214H,3342.249773755657
H215H,3287.266666666667
H217H,3323.7126436781605
H219H,2420.9666666666667
H224H,3493.022408963586
H226H,3242.719298245614
H227H,4245.718446601942
H239V,3513
L106H,2526.6769129690088
L302H,3016.0351154867576
L308H,2557.225929611869
L330V,3291.6785714285716
N101H,4142.4735945485645
N101V,4508.970588235294
N102H,4287.4965719882475
N121H,4148.850893036327
N151H,5143.6287128712875
N181H,5464.865591397849
N183H,4206.375
N331H,4661.397212543554
N332H,4969.259541984733
N333H,3568.7376509330397
N334H,2678.2518518518536
N335H,3629.256965944272
N336H,4732.744224422442
N337H,3468.039927404718
N352H,2128
N411H,3934.956445556944
N431H,3600.424242424242
N432H,3674.8297872340427
N433H,3418.303797468355
N434H,4705.5
N451H,4398.755395683454
N494H,5031.863874345549
N498V,4860.9
N500H,4322.1154645295355
N683C,2942.8571428571427
R101H,3989.492268041237
S102H,4230.619047619048
S108H,5001.032258064516
S113H,4005.976340694007
S116H,4181.250073125836
S121K,4323.138790035587
S124V,3723.1801566579634
S201H,3677.307692307693
S203K,3936.2180094786722
S209H,4172.75
S225H,3738.5937314143007
S308H,3473.769654045215
S314H,3661.651108453681
S316H,4229.230314232901
S406C,3880.2096385542163
T101H,3316.150939670803
T104H,2433.1126760563407
T104V,4423.303206997085
T107H,3055.852140077821
T202H,3962.7353744311145
T205H,4888.6349206349205
T209H,4121.697674418605
T304H,3243.6666666666665
T310H,3182.9444444444443
T312H,3873.770797962648
T313H,3874.03937007874
T316H,4349.575471698113
T317V,3848.413793103448
T320H,4972.553191489362
T323H,5709
V102H,3380.222694174757
V103V,3152.5186440677962
V201H,4338.071428571428
V213V,4020.6384615384623
V217H,3200.339352935185
W102V,3290.03125
W106H,3456.232558139535
W107H,3280.822146302251
W108H,3172.3077956989246
Y101H,3598.92
Y104H,2720.25
Y106H,3385.0227272727275
Y107H,4285.121212121212
Y108H,3681
Y109H,4098.2
Y110H,2839.5714285714284
Y114H,3419.6
Y120H,3142.3333333333335
Y144H,2357.430429641308
Y146H,3254.651865129023
Y177C,3483.740610328639
Z102H,4176.60678895214
