code,imd,new_code
E38000003,NA,E38000223
E38000012,NA,E38000220
E38000013,NA,E38000220
E38000017,NA,E38000224
E38000022,NA,E38000222
E38000033,NA,E38000223
E38000058,NA,E38000229
E38000060,NA,E38000226
E38000065,NA,E38000227
E38000071,NA,E38000229
E38000094,NA,E38000225
E38000095,NA,E38000225
E38000096,NA,E38000225
E38000110,NA,E38000221
E38000114,NA,E38000221
E38000115,NA,E38000229
E38000125,NA,E38000222
E38000129,NA,E38000230
E38000148,NA,E38000224
E38000149,NA,E38000220
E38000152,NA,E38000230
E38000155,NA,E38000222
E38000160,NA,E38000221
E38000169,NA,E38000229
E38000207,NA,E38000224
E38000209,NA,E38000221
E38000216,NA,E38000226 
W11000026,NA,W11000031
W11000027,NA,W11000030 
